,geometry,Jeff
0,"372

C 101.93079376 63.50568390 103.46287537
C 103.24498749 63.96047211 103.25201416
C 104.32333374 63.24197769 103.82166290
C 104.10758209 62.14620590 104.68621063
C 102.80041504 61.83648300 105.03331757
C 101.78391266 62.47139359 104.35160065
H 101.11799622 63.78426743 102.89985657
H 104.93555450 61.58255768 105.16238403
C 103.73455048 65.11913300 102.35187531
C 105.23653412 64.84695435 102.45550537
C 105.53848267 63.71206665 103.18527222
C 106.35800934 65.35035706 101.79613495
C 107.50251007 64.70172882 102.11072540
S 107.21692657 63.30587769 103.16130066
C 102.27700043 60.75729752 106.10578156
C 100.77433014 60.78782272 105.73632050
C 100.55633545 61.74339294 104.73023987
C 99.61297607 60.20199203 106.14713287
C 98.47627258 60.73861694 105.57338715
S 98.83494568 61.88453674 104.35938263
C 108.61705017 65.23538208 101.48096466
S 106.62747192 66.69158173 100.75132751
S 99.13295746 58.87194824 107.20387268
C 97.29248810 60.30580902 106.07279968
C 108.27006531 66.14836121 100.51882172
C 97.42192078 59.43766022 107.21623230
H 109.62967682 64.87789917 101.59334564
H 96.37547302 60.54547119 105.61967468
C 96.25479126 59.02615738 107.88941956
C 94.99182892 59.51811600 108.16114044
C 94.56387329 60.92728806 107.81870270
C 93.86950684 58.84646988 108.83551788
C 93.12288666 60.99832916 108.25466156
O 95.26241302 61.77866364 107.22512817
C 92.62332916 59.80355453 108.78230286
C 93.79834747 57.50519562 109.36715698
C 92.18121338 62.00660324 107.91213226
C 91.28005981 59.71258545 109.13648224
C 94.75141907 56.42331314 109.28087616
C 92.62296295 56.95341873 110.05101776
C 90.82170868 61.84925461 108.30318451
H 92.47359467 62.94613266 107.46865845
C 90.37847137 60.72451019 108.95912933
H 90.82315063 58.80809402 109.58532715
N 95.52005768 55.56656647 109.23837280
N 91.72695923 56.55069733 110.66157532
H 90.06874847 62.60895538 108.11777496
H 89.40893555 60.66310501 109.23303986
H 96.36559296 58.11949921 108.39441681
C 109.22515869 66.70465088 99.58052826
C 110.60812378 66.81095123 99.42165375
C 111.65569305 66.31034088 100.35543060
C 111.32286072 67.29229736 98.22885132
C 112.97227478 66.45726013 99.68245697
O 111.64395905 65.82868195 101.46134186
C 112.80420685 66.96331787 98.36888885
C 110.83255005 68.11762238 97.22620392
C 114.24711609 66.12149048 100.12832642
C 113.93576813 67.28871918 97.57808685
C 109.55148315 68.74316406 97.21630859
C 111.56298828 68.46585846 96.04791260
C 115.32391357 66.25960541 99.26728821
H 114.37210083 65.71285248 101.09898376
C 115.20114899 66.91777039 97.98659515
H 113.95469666 67.67617035 96.62209320
N 108.50431824 69.23587799 97.22416687
N 112.16071320 68.66477203 95.13434601
H 116.34978485 66.05416107 99.58782196
H 116.01387024 67.15446472 97.36307526
H 108.64150238 67.11302185 98.74897766
C 102.50486755 61.25890732 107.61354828
C 102.07046509 60.39640808 108.63739014
C 103.08476257 62.46914291 107.92980957
C 102.22170258 60.77583313 109.97229004
H 101.66930389 59.40955734 108.37989044
C 103.17804718 62.93063736 109.25492096
H 103.57254791 63.12252808 107.15350342
C 102.82789612 62.05118179 110.30561066
H 101.96066284 60.16795349 110.86945343
H 103.52818298 63.86611557 109.64151764
C 103.46086121 66.57649994 102.92379761
C 102.84706879 66.82894897 104.16014862
C 103.99214935 67.71598816 102.29665375
C 102.72428894 68.07858276 104.80435181
H 102.48544312 65.97183990 104.72864532
C 103.82899475 69.06001282 102.81719971
H 104.46132660 67.73999023 101.35643768
C 103.23373413 69.18943787 104.11316681
H 102.28307343 68.09443665 105.81043243
H 104.12584686 69.92119598 102.23183441
C 103.00428009 64.84793091 100.96810913
C 101.95343018 65.67889404 100.46107483
C 103.39373779 63.80870819 100.12042999
C 101.22092438 65.36310577 99.30043793
H 101.71516418 66.60763550 100.95167542
C 102.68566132 63.45756531 98.88753510
H 104.27049255 63.27873230 100.39856720
C 101.56465149 64.23370361 98.53593445
H 100.36353302 65.88082886 99.00841522
H 102.93136597 62.58314896 98.30876160
C 102.98908997 59.41283798 105.78253174
C 102.35102081 58.40187073 105.03242493
C 104.30152893 59.30739975 106.25080109
C 103.06684113 57.21748734 104.89889526
H 101.37788391 58.51465225 104.53829956
C 104.98139954 58.09852600 105.99079132
H 104.82968903 60.06913376 106.79457092
C 104.37680817 57.13062286 105.22985077
H 102.59980011 56.46656036 104.22243500
H 106.00253296 58.05141068 106.38841248
C 100.66979218 63.73989868 97.38191986
H 100.46630859 62.69184494 97.54611969
H 99.67178345 64.10082245 97.45838165
C 101.14658356 64.03751373 95.91281891
H 100.94121552 65.06531525 95.55141449
H 102.18299866 64.02722931 96.10479736
C 100.62887573 63.07452011 94.87882233
H 100.82745361 62.01411438 95.12946320
H 99.49945831 63.16412735 94.86781311
C 102.87046051 62.50224304 111.79535675
H 102.72028351 61.60149002 112.44198608
H 103.94288635 62.72267151 112.08325958
C 101.83973694 63.69165421 112.06523132
H 101.85643768 64.43589783 111.29599762
H 100.85832214 63.21735001 112.05500793
C 102.06462097 64.46195984 113.35393524
H 102.80533600 65.21033478 113.11736298
H 102.46689606 63.77896500 114.14201355
C 105.18675232 55.94292068 104.78108978
H 106.11150360 56.00289154 105.41938782
H 104.75074768 55.06508636 105.18859863
C 105.58671570 55.98538971 103.30240631
H 104.80472565 55.85719681 102.58673859
H 106.04045105 56.96025467 103.15394592
C 106.54860687 54.78168106 102.93291473
H 107.43073273 54.85109711 103.56464386
H 106.11106110 53.77478790 103.25157928
C 103.14419556 70.51651764 104.85556030
H 102.19384766 70.59217834 105.43965912
H 103.20160675 71.44329834 104.25015259
C 104.18644714 70.74208832 105.95894623
H 103.87142944 71.61282349 106.50810242
H 104.16596985 69.94837952 106.75268555
C 105.65633392 70.89279938 105.57219696
H 106.04134369 69.93695831 105.27040863
H 106.20292664 71.16510773 106.42144012
C 100.67735291 65.12499237 113.86515045
H 100.39779663 65.99279785 113.25685120
H 99.82302856 64.33827209 113.74196625
C 105.92150116 71.94751740 104.43620300
H 105.36766815 71.70053101 103.48069000
H 105.51618195 72.93618011 104.59265900
C 106.80792236 54.71024323 101.39804077
H 105.86645508 54.73706436 100.87366486
H 107.43187714 55.56991959 101.21543121
C 101.23509216 63.39057541 93.49858093
H 101.27474976 64.31287384 93.16176605
H 102.22748566 63.11655426 93.56095123
C 107.53810120 53.43115616 100.88391876
H 108.35106659 53.08420563 101.53855896
H 108.07318115 53.80834198 100.00822449
C 107.40290833 72.00299072 103.95188141
H 107.34991455 72.56495667 102.97257996
H 107.83457184 71.04650116 103.55384827
C 100.77550507 65.85388184 115.20324707
H 101.35832214 66.71371460 115.09111023
H 101.32646942 65.19503784 115.92783356
C 100.54705811 62.57546997 92.39446259
H 100.53177643 61.52758789 92.61135101
H 99.49445343 62.71236420 92.43156433
C 99.40127563 66.18502045 115.79989624
H 99.52162933 66.43152618 116.86134338
H 98.98828125 67.18904114 115.32434082
H 98.85391998 65.27039337 115.79764557
C 108.28952789 72.82999420 104.84973145
H 108.03058624 73.89933014 104.89665222
H 108.23593903 72.43170929 105.82182312
H 109.33629608 72.78009796 104.50857544
C 106.55702209 52.31223297 100.65042114
H 105.72911835 52.62582779 99.99656677
H 106.99359894 51.42587662 100.26262665
H 106.16587830 52.08153152 101.60517883
C 101.18713379 62.94745636 91.04457092
H 100.76284027 62.44585419 90.16974640
H 100.97879028 64.03863525 90.87436676
H 102.24590302 62.62231064 90.96620941
C 118.03094482 69.58673859 101.15087128
C 116.94490814 69.88075256 100.28346252
C 115.59396362 69.69051361 100.67106628
C 115.26586151 68.99367523 101.79180908
C 116.31227875 68.65324402 102.70010376
C 117.65400696 68.99515533 102.34841919
H 119.09109497 69.62461853 100.89920044
H 114.18959808 68.78330231 101.97723389
C 117.05258179 70.60189819 98.91221619
C 115.50569153 70.86857605 98.68414307
C 114.79959106 70.20712280 99.64786530
C 114.60501099 71.53325653 97.79241943
C 113.27902222 71.30632019 98.08454895
S 113.03379059 70.26875305 99.46354675
C 116.21731567 67.96084595 104.05840302
C 117.72719574 67.84999847 104.33698273
C 118.50192261 68.40442657 103.32972717
C 118.49724579 67.27046204 105.33525848
C 119.86576080 67.46904755 105.09137726
S 120.19094849 68.49556732 103.68298340
C 112.39730835 71.92773438 97.17586517
S 114.82258606 72.69194031 96.51242828
S 118.30827332 66.31643677 106.71624756
C 120.77406311 66.83148956 105.89624786
C 113.02155304 72.68218994 96.19542694
C 120.14109039 66.21688080 107.00476837
H 111.33305359 71.87464905 97.24396515
H 121.88293457 66.87399292 105.80622864
C 120.74009705 65.58415985 108.06044006
C 121.93762970 65.76101685 108.76319122
C 122.89903259 66.89402771 108.60122681
C 122.68780518 64.75428009 109.51553345
C 124.02298737 66.66194153 109.45014954
O 122.77050018 67.80619812 107.87026978
C 123.99158478 65.36338806 110.00028992
C 122.30020142 63.43588638 109.79829407
C 125.13871765 67.47087860 109.59024811
C 125.12502289 64.96907043 110.76724243
C 121.15055847 62.79699707 109.24064636
C 123.18182373 62.40474701 110.18943024
C 126.20811462 67.09653473 110.44209290
H 125.12074280 68.44705963 109.21329498
C 126.23051453 65.82652283 111.00125885
H 125.30460358 63.99028397 111.28420258
N 120.24522400 62.26245499 108.78665924
N 123.89050293 61.56626892 110.53870392
H 127.11087799 67.70139313 110.49363708
H 127.10453033 65.41306305 111.44577789
H 120.08551025 64.77318573 108.26581573
C 112.33046722 73.48397827 95.29702759
C 111.15277100 73.48893738 94.52920532
C 110.25455475 72.32753754 94.40237427
C 110.63659668 74.64692688 93.76672363
C 109.22708130 72.74864960 93.42131042
O 110.38609314 71.22822571 94.92980957
C 109.39054108 74.12133026 93.02534485
C 111.15894318 75.91487885 93.69000244
C 108.16353607 71.99447632 92.93196106
C 108.49362946 74.68043518 92.10831451
C 112.16655731 76.44622803 94.51224518
C 110.73678589 76.94586945 92.87086487
C 107.20962524 72.65470886 92.06400299
H 108.06188965 70.97102356 93.20378113
C 107.36611938 73.95613098 91.65634155
H 108.48172760 75.71998596 91.90373993
N 113.00565338 76.91754913 95.13898468
N 110.38436127 77.78261566 92.18604279
H 106.26572418 72.19423676 91.69117737
H 106.63739777 74.41359711 91.07688904
H 113.02076721 74.30243683 95.16633606
C 115.61440277 66.54009247 103.94255829
C 114.36985016 66.28205109 104.51567841
C 116.38183594 65.52844238 103.32862091
C 113.93049622 64.96459198 104.50070190
H 113.79596710 67.04978943 105.00597382
C 115.82928467 64.26897430 103.24250031
H 117.34658051 65.66535950 103.02238464
C 114.59241486 63.95656967 103.82021332
H 113.00648499 64.65890503 104.97751617
H 116.43756866 63.55107498 102.72156525
C 117.71118164 69.74308014 97.76840973
C 118.06477356 68.37937927 98.03196716
C 117.80200195 70.26554871 96.47047424
C 118.51269531 67.49471283 97.01391602
H 118.08786011 67.96736908 99.05012512
C 118.27949524 69.41411591 95.47216797
H 117.41349792 71.23208618 96.17993164
C 118.60791779 68.00875854 95.70221710
H 118.70935822 66.47451019 97.29697418
H 118.19163513 69.78717041 94.44329834
C 117.91229248 71.88332367 99.19153595
C 117.36216736 73.06979370 99.69814301
C 119.35362244 71.81047821 99.02950287
C 118.17766571 74.12998962 100.21948242
H 116.31439209 73.13314819 99.88201141
C 120.13522339 72.85852814 99.53639984
H 119.85609436 70.96738434 98.77867889
C 119.57242584 74.00793457 100.14302826
H 117.70898438 74.97711182 100.65042877
H 121.18508148 72.68536377 99.56733704
C 115.55455780 68.84449768 105.19315338
C 115.43003082 68.22351837 106.48867798
C 115.24700928 70.19704437 105.00584412
C 114.80255890 68.92989349 107.58205414
H 115.60683441 67.18608093 106.60755157
C 114.76924133 70.86543274 106.14049530
H 115.30287933 70.67362976 104.00711823
C 114.45524597 70.30177307 107.40471649
H 114.59662628 68.51441956 108.54477692
H 114.60620880 71.96188354 106.05103302
C 120.45220184 75.02911377 100.80221558
H 120.12343597 75.25231171 101.80272675
H 121.45514679 74.54033661 100.96356201
C 120.66434479 76.30600739 99.98670959
H 120.94770050 76.25043488 98.98258972
H 119.76124573 76.81315613 100.05342865
C 121.65654755 77.41095734 100.60406494
H 121.12416077 78.15108490 101.30303955
H 122.48946381 76.97812653 101.12445831
C 114.02313995 62.57801437 103.63985443
H 114.70452881 61.94910812 102.96178436
H 114.02091980 62.09917831 104.59780884
C 112.65559387 62.54772186 103.01338196
H 112.19713593 61.60966110 103.46708679
H 112.09981537 63.40919495 103.38003540
C 112.53520203 62.35868454 101.49726868
H 112.87666321 61.38946152 101.17449188
H 112.99595642 63.16399765 100.93529510
C 113.76760864 71.08245850 108.42486572
H 113.48351288 70.47048950 109.22625732
H 114.52420807 71.77591705 108.88273621
C 112.61615753 72.01129913 108.04940033
H 112.97127533 72.90234375 107.59066772
H 111.90996552 71.57302856 107.44699097
C 112.00494385 72.63354492 109.29084778
H 111.62757111 71.88729858 109.91345215
H 112.78765106 73.09778595 109.93109131
C 118.89498901 67.13969421 94.53111267
H 119.95280457 67.02881622 94.45394135
H 118.71395874 67.59599304 93.58845520
C 118.36764526 65.73627472 94.52670288
H 118.84650421 65.18280029 93.72801208
H 118.70175934 65.23790741 95.42568970
C 116.84138489 65.58850861 94.50144958
H 116.43990326 65.28224182 93.53069305
H 116.35692596 66.50547028 94.78036499
C 111.11977386 62.49509048 101.02432251
H 110.43379974 61.89508820 101.56460571
H 110.85906219 63.50164795 101.32257843
C 116.40996552 64.49667358 95.49925232
H 116.89588928 63.49257278 95.28339386
H 116.66039276 64.80261993 96.47145844
C 110.88996887 73.67174530 108.93082428
H 111.17041779 74.38031006 108.09217834
H 110.13299561 73.05597687 108.48037720
C 122.17199707 78.21952820 99.39955139
H 121.31010437 78.42781830 98.69175720
H 122.50331116 79.19245911 99.69401550
C 110.33975220 74.34899902 110.19907379
H 111.01106262 75.11900330 110.51325989
H 110.02873230 73.62121582 110.94466400
C 114.96929169 64.25117493 95.38694000
H 114.71530151 64.03547668 94.38069916
H 114.48483276 65.18554688 95.55622864
C 110.85050201 62.39194489 99.48027039
H 111.16802979 61.43176651 99.11393738
H 111.43383026 63.14757538 98.92121887
C 123.25594330 77.55853271 98.52918243
H 122.88538361 76.62505341 98.14454651
H 123.50683594 78.05931854 97.56118011
C 109.31318665 62.54093552 99.09752655
H 109.21115875 62.56163025 98.00175476
H 108.56823730 61.81948471 99.41603851
H 108.95555115 63.54649353 99.50244904
C 114.56198120 63.23501205 96.49565125
H 114.90706635 63.71634293 97.40511322
H 113.49551392 63.16272354 96.45761871
H 114.99148560 62.26027679 96.18318939
C 108.99579620 74.95375061 109.83246613
H 109.29452515 75.78160095 109.15714264
H 108.34793854 74.23914337 109.29454803
H 108.47195435 75.27887726 110.69312286
C 124.50444794 77.42043304 99.28141785
H 124.29666138 76.67369080 100.04369354
H 125.39819336 76.94315338 98.67610168
H 124.69767761 78.23167419 99.91311646
",0.000
1,"372

C 74.54510498 61.05859375 118.63337708
C 73.78209686 60.76843262 117.48517609
C 73.72212982 59.46695709 116.93085480
C 74.45946503 58.40974808 117.54578400
C 75.22095490 58.63985062 118.80895996
C 75.25494385 59.95877838 119.32504272
H 74.56072235 62.06768799 119.09425354
H 74.23500061 57.55617523 117.01961517
C 72.72985840 61.68952942 116.86048126
C 72.04595947 60.70461273 115.84505463
C 72.79668427 59.49908829 115.80606079
C 70.95394897 60.75094604 114.96134186
C 70.85935211 59.51896667 114.20603943
S 72.13755035 58.37120819 114.68918610
C 76.20994568 57.70359039 119.51618958
C 76.57734680 58.58275223 120.74110413
C 76.08396149 59.89617157 120.54972839
C 77.47526550 58.48464203 121.78249359
C 77.59577942 59.66410446 122.52816010
S 76.63471985 60.99935532 121.88201141
C 69.86489105 59.49336243 113.25733185
S 69.74221802 61.82445526 114.32943726
S 78.68424225 57.30908585 122.28003693
C 78.49503326 59.51836014 123.57583618
C 69.02725220 60.63823318 113.20883179
C 79.22108459 58.27162933 123.63283539
H 69.72444916 58.67679214 112.53932190
H 78.59581757 60.18434906 124.41420746
C 80.23333740 57.97914505 124.65066528
C 80.37680054 58.06847382 126.00881958
C 79.25884247 58.35580826 126.92912292
C 81.58005524 57.85463333 126.84388733
C 79.76268768 58.31732941 128.27848816
O 78.08535004 58.64801788 126.68441772
C 81.16013336 58.08051300 128.28381348
C 82.90850830 57.62186432 126.44394684
C 78.98317719 58.38467789 129.42240906
C 81.80415344 58.02498245 129.55203247
C 83.35649872 57.61864090 125.07736969
C 83.95071411 57.33586502 127.36278534
C 79.63078308 58.24533844 130.71752930
H 77.86110687 58.32307053 129.23487854
C 81.04975128 58.09528351 130.74794006
H 82.84423065 57.79836273 129.68626404
N 83.71000671 57.58008575 123.97775269
N 84.79243469 57.10393524 128.15826416
H 79.18064117 58.28036880 131.70381165
H 81.61843109 57.95543289 131.69607544
H 81.05493927 57.49646759 124.11997986
C 68.11637115 60.87263870 112.10956573
C 67.08059692 60.23072433 111.46672058
C 66.69029236 58.78224182 111.72277069
C 66.17571259 60.73628235 110.48310852
C 65.57280731 58.48917007 110.85755920
O 67.22363281 58.00252151 112.51849365
C 65.29837036 59.57344055 110.07749176
C 65.97631836 62.07793808 110.00092316
C 64.85139465 57.26967621 110.78544617
C 64.18833923 59.51948929 109.21949005
C 66.38612366 63.22417068 110.67945862
C 64.98305511 62.56499863 109.11378479
C 63.79470825 57.17610550 109.89262390
H 65.11785126 56.38679886 111.29257965
C 63.38043594 58.38802338 109.16776276
H 63.91644287 60.36475754 108.59634399
N 66.78590393 64.21607971 111.16519165
N 64.16893005 63.05476379 108.42504883
H 63.36732864 56.23819733 109.83287811
H 62.53092575 58.30176163 108.53202820
H 68.32426453 61.86206436 111.69089508
C 77.48458862 57.47223282 118.62091827
C 77.60788727 56.24939728 117.96108246
C 78.52567291 58.43807220 118.44729614
C 78.80957794 55.87514114 117.39229584
H 76.83339691 55.47778702 117.98451233
C 79.69380188 58.05095291 117.79434204
H 78.46063995 59.52427673 118.66679382
C 79.90444946 56.76470184 117.33360291
H 78.95288086 54.83252716 117.03755188
H 80.34052277 58.87464142 117.80081177
C 73.39138794 62.85749817 116.07698822
C 73.44277191 63.07631302 114.72182465
C 74.09970856 63.81878662 116.80647278
C 74.27706909 64.00711060 114.13373566
H 72.93729401 62.42910385 114.02586365
C 74.95579529 64.79631805 116.26992798
H 74.15252686 63.87054825 117.88088989
C 75.11055756 64.87731171 114.86449432
H 74.26621246 64.13432312 113.02906036
H 75.47625732 65.43768311 116.95918274
C 71.53136444 62.10032654 117.74987793
C 71.04038239 61.12247467 118.65103149
C 70.98941803 63.35464096 117.79438782
C 70.01496124 61.42727661 119.54138184
H 71.35026550 60.09520721 118.64150238
C 70.01735687 63.75621414 118.67787170
H 71.49947357 64.10398102 117.15018463
C 69.46295929 62.75920486 119.54531097
H 69.56736755 60.59261322 120.19054413
H 69.58631897 64.75469208 118.65857697
C 75.54744720 56.37424088 119.98901367
C 74.17990875 56.20542145 119.73528290
C 76.25191498 55.27257538 120.49413300
C 73.51380157 55.03494644 120.00006104
H 73.57881927 57.03238297 119.43582153
C 75.54987335 54.03519058 120.67218781
H 77.28924561 55.47865677 120.76044464
C 74.20907593 53.85573578 120.38947296
H 72.40476990 54.97632599 119.81386566
H 76.16124725 53.28179169 121.19111633
C 68.34189606 63.12197495 120.38291168
H 68.31502533 62.42413330 121.22866058
H 68.64862823 63.98293686 120.90555573
C 66.96020508 63.26469421 119.75767517
H 67.01425171 64.09930420 119.02761841
H 66.54919434 62.35195541 119.33525085
C 65.80043030 63.63555908 120.73702240
H 65.49636078 62.87934113 121.41143799
H 66.29115295 64.36952209 121.46979523
C 81.23792267 56.45595169 116.59768677
H 82.01832581 56.73740387 117.36058807
H 81.25593567 55.38814545 116.19051361
C 81.57975769 57.37815094 115.39477539
H 81.83653259 58.34346390 115.82496643
H 82.42714691 57.01939774 114.89160919
C 80.48870850 57.39610672 114.24240112
H 79.59591675 57.76563263 114.69869232
H 80.19487000 56.47396088 113.90719604
C 73.40651703 52.54109573 120.67320251
H 72.38378906 52.66577911 120.30327606
H 73.81128693 51.64440155 120.17725372
C 73.42469788 52.26949310 122.18915558
H 74.44710541 51.95859146 122.37381744
H 73.22133636 53.17946243 122.69366455
C 72.40958405 51.21930313 122.63484955
H 71.42121124 51.46533966 122.30260468
H 72.59846497 50.34244537 122.12286377
C 75.86396027 66.01589966 114.20081329
H 75.53633881 66.97735596 114.61673737
H 75.47258759 66.02758026 113.19097900
C 77.40284729 65.81652832 114.11026764
H 77.85529327 65.56316376 115.12548065
H 77.64910126 65.06119537 113.44135284
C 78.18498230 66.99862671 113.47098541
H 77.64170837 67.35440826 112.65574646
H 79.12933350 66.78857422 113.01275635
C 80.91117859 58.14044952 112.96849823
H 81.25262451 59.09507370 113.24086761
H 81.68898010 57.67291641 112.44132233
C 78.54385376 68.05376434 114.52603912
H 77.70520020 68.33312988 115.12456512
H 79.26059723 67.71788025 115.17523956
C 72.38408661 50.94139862 124.17065430
H 73.38316345 50.62225723 124.51964569
H 72.21533203 51.86384964 124.73262787
C 64.55950165 64.35842133 120.17024231
H 64.80919647 65.37306213 119.76959991
H 64.14299011 63.76563263 119.37686157
C 71.33128357 49.84848404 124.50548553
H 70.33209991 50.21350861 124.02636719
H 71.17495728 49.82042694 125.54202271
C 79.21318054 69.33724976 113.93994141
H 78.60537720 69.81956482 113.16312408
H 80.13457489 69.07080841 113.45455933
C 79.67937469 58.45302200 112.06535339
H 79.04518127 59.02849579 112.66093445
H 78.99963379 57.57061005 111.98284912
C 63.58258438 64.53480530 121.33390808
H 63.23500061 63.55045700 121.72897339
H 64.13260651 64.97756195 122.20106506
C 80.02288818 59.08852768 110.71693420
H 79.09984589 59.58244324 110.37839508
H 80.66394806 59.98073578 110.83113861
H 80.41064453 58.32748413 110.03054810
C 79.59288025 70.39496613 114.96413422
H 79.56855774 71.43945312 114.62493896
H 79.03693390 70.33822632 115.85626984
H 80.43818665 70.16426849 115.54656219
C 71.66294861 48.37703705 123.99764252
H 72.76697540 48.17352676 124.14459991
H 71.18393707 47.62321854 124.64447784
H 71.39064026 48.19169998 122.95506287
C 62.30054474 65.18032837 120.92596436
H 62.46727371 66.26195526 120.71454620
H 61.76397324 64.70899200 120.15213776
H 61.58900452 65.23966217 121.70645905
C 64.46438599 69.57932281 114.65189362
C 64.49356079 69.47795105 113.21122742
C 65.10067749 68.33530426 112.64701080
C 65.62666321 67.27831268 113.41090393
C 65.75656891 67.53689575 114.77460480
C 65.14205933 68.66641998 115.41530609
H 63.99912643 70.45001221 115.03335571
H 66.17248535 66.47624207 112.98707581
C 63.95629883 70.40939331 112.08774567
C 64.55801392 69.68477631 110.85647583
C 65.09498596 68.49826813 111.22886658
C 64.69931793 69.94501495 109.51044464
C 65.34499359 68.85240173 108.88666534
S 65.75917053 67.52878571 109.94363403
C 66.62409973 66.71407318 115.77205658
C 66.35564423 67.58126831 117.04499817
C 65.40233612 68.59908295 116.81077576
C 66.78000641 67.60147858 118.35366821
C 66.07180023 68.56738281 119.15178680
S 64.98320770 69.58892059 118.19598389
C 65.56211853 69.10964203 107.57557678
S 64.20085907 71.17517853 108.43653107
S 67.99628448 66.77619934 119.33123779
C 66.40307617 68.55104828 120.50706482
C 64.99057770 70.28685760 107.06696320
C 67.41034698 67.62789154 120.79590607
H 66.17352295 68.50535583 106.92224884
H 66.05641937 69.09943390 121.28049469
C 67.89704895 67.46965027 122.14469910
C 67.40869141 67.40053558 123.44146729
C 65.91040802 67.35569000 123.74179077
C 68.11483002 67.19573975 124.73950195
C 65.73481750 67.29685211 125.16426086
O 64.99215698 67.38769531 122.89520264
C 67.00003052 67.16522980 125.80944824
C 69.47606659 67.23764801 124.99821472
C 64.53433990 67.32578278 125.94169617
C 67.02111816 67.01063538 127.21921539
C 70.53254700 67.38646698 124.08595276
C 70.00515747 67.07221222 126.31084442
C 64.59184265 67.06044006 127.28893280
H 63.60971832 67.34537506 125.49220276
C 65.78026581 66.84521484 127.92270660
H 67.95386505 66.80112457 127.74811554
N 71.36564636 67.60289001 123.32514954
N 70.48079681 66.98346710 127.32295227
H 63.65604019 67.02005005 127.87631226
H 65.66974640 66.67519379 129.02236938
H 68.91757202 67.38954926 122.01135254
C 64.99487305 70.44076538 105.64933777
C 64.11878204 70.85067749 104.66036224
C 62.73311996 71.32830811 104.92724609
C 64.30924988 70.92810822 103.12275696
C 62.19971085 71.83945465 103.64934540
O 62.27015305 71.43988037 106.07735443
C 63.08737183 71.56953430 102.58703613
C 65.43254089 70.47223663 102.31188202
C 60.97890854 72.47904205 103.35526276
C 62.65594864 71.90715790 101.25016022
C 66.67792511 70.08600616 102.84829712
C 65.44274139 70.38964844 100.89554596
C 60.50424576 72.81591797 102.04408264
H 60.33140564 72.52645874 104.23080444
C 61.31476212 72.44689941 100.99296570
H 63.26163483 71.72305298 100.34070587
N 67.71156311 69.69358063 103.20246887
N 65.46201324 70.31253052 99.74972534
H 59.51600647 73.33087158 101.96673584
H 61.08268356 72.63692474 99.96881866
H 66.04324341 70.20353699 105.25923920
C 68.11912537 66.86064148 115.32418060
C 69.08598328 65.98669434 115.80678558
C 68.58289337 67.92480469 114.54357147
C 70.43773651 66.03601837 115.34409332
H 68.86022186 65.19964600 116.50867462
C 69.87491608 67.91266632 114.02415466
H 67.84317017 68.59848785 114.21066284
C 70.82859039 67.00468445 114.41928101
H 71.19345093 65.29492188 115.76414490
H 70.04420471 68.68176270 113.30350494
C 64.35555267 71.87306213 112.21092224
C 63.66676712 72.75618744 113.09535217
C 65.55495453 72.35150909 111.61560059
C 64.21060181 74.01912689 113.39665985
H 62.74265289 72.59790039 113.60668182
C 66.08733368 73.66120148 111.88206482
H 66.06191254 71.71185303 110.95805359
C 65.37104797 74.46359253 112.80646515
H 63.65509033 74.64019012 114.07857513
H 67.04625702 73.96033478 111.46445465
C 62.35053635 70.24037933 111.90956116
C 61.73432922 70.99295044 110.86437225
C 61.53117752 69.47396851 112.77801514
C 60.36771011 70.88183594 110.65499115
H 62.36600876 71.60115814 110.29844666
C 60.09058380 69.52552032 112.68507385
H 61.91070938 68.97283936 113.61515045
C 59.51998520 70.20430756 111.57047272
H 59.86324692 71.36368561 109.81821442
H 59.54651260 68.95630646 113.35816193
C 66.06053162 65.18461609 115.82894897
C 66.61852264 64.13107300 115.07534790
C 64.90786743 64.90740967 116.57135773
C 66.04300690 62.89189911 115.07817078
H 67.49770355 64.18859863 114.40078735
C 64.22712708 63.67873764 116.56513214
H 64.33660126 65.78219604 116.99382019
C 64.83972931 62.65153122 115.80989075
H 66.45425415 62.13759232 114.48227692
H 63.28356171 63.64162827 117.08795166
C 58.01960754 70.41149902 111.44805145
H 57.69691849 70.55987549 110.44682312
H 57.57985306 69.52175903 111.73825836
C 57.43599319 71.45471954 112.34176636
H 56.29775238 71.44651031 112.33575439
H 57.91144562 71.31903076 113.31315613
C 57.69852448 72.93996429 111.93342590
H 58.64967728 73.07646179 111.52968597
H 56.97017288 73.10623932 111.11788940
C 72.17134857 66.99063110 113.70275116
H 72.51363373 68.01168060 113.59468842
H 72.92362976 66.43511963 114.26210785
C 72.27594757 66.47096252 112.24971008
H 71.80947113 67.16386414 111.59732819
H 73.26374817 66.45753479 112.01605225
C 71.72868347 65.05778503 112.00961304
H 70.74378204 64.98406982 112.45343018
H 72.29972839 64.34295654 112.56418610
C 64.14426422 61.31221390 115.83599091
H 64.85092926 60.51011276 115.60218811
H 63.83724213 61.05811691 116.83576965
C 62.82325745 61.25763321 115.00864410
H 62.36198807 60.35142136 115.23701477
H 62.02326584 61.93387604 115.37947083
C 63.14518738 61.27043152 113.46426392
H 63.80184937 62.09859085 113.39420319
H 63.62171555 60.33184814 113.17737579
C 65.87962341 75.81991577 113.24949646
H 66.95335388 75.79145813 113.09409332
H 65.67719269 75.98144531 114.29998779
C 65.46789551 77.02124023 112.47985077
H 66.14451599 77.84799957 112.80849457
H 65.57131195 76.93874359 111.39031982
C 64.03099823 77.40657806 112.83856201
H 63.76951981 77.20023346 113.87866211
H 63.41926575 76.82588959 112.19129181
C 71.89495087 64.61977386 110.58597565
H 71.32875061 65.17423248 109.86782074
H 72.86426544 64.82883453 110.17950439
C 63.78881836 78.89025116 112.48088837
H 64.37761688 79.54119873 113.18029022
H 64.13983154 79.06265259 111.46103668
C 61.80282211 61.36766052 112.64706421
H 61.28162003 60.41948700 112.63492584
H 61.15822220 61.96819687 113.20088196
C 57.42006302 73.89920044 113.06295013
H 56.37398529 73.97531891 113.34790039
H 58.05393219 73.58215332 113.93760681
C 61.98946381 61.87807083 111.20826721
H 62.41664886 61.07251358 110.62751007
H 62.68893814 62.72264481 111.10272217
C 62.28444290 79.23699188 112.51743317
H 61.84494019 79.06292725 113.50903320
H 61.68294144 78.62964630 111.80261993
C 71.58779907 63.16802597 110.24163818
H 70.58237457 63.00732803 110.54400635
H 72.12265778 62.41448212 110.89477539
C 57.71942902 75.32089996 112.59041595
H 58.73064041 75.38854980 112.22989655
H 57.23033524 75.43650818 111.57966614
C 71.97937012 62.86412430 108.77548981
H 72.03207397 61.75370026 108.62842560
H 71.25769806 63.41408920 108.10580444
H 72.95032501 63.15342331 108.60112762
C 61.88350677 80.72087860 112.29547882
H 61.57714081 80.83157349 111.21096039
H 60.93669891 80.83934784 112.85139465
H 62.66758728 81.45593262 112.52726746
C 60.67112732 61.93628693 110.53200531
H 60.21494675 60.99337769 110.25691223
H 59.99576569 62.42979050 111.27237701
H 60.77334595 62.46044159 109.51737976
C 57.40352249 76.37305450 113.63874054
H 56.83205414 76.01648712 114.52946472
H 58.32550812 76.79109955 113.99041748
H 56.73909760 77.07746887 113.18551636
",0.000
2,"372

C 133.08326721 116.83280945 71.84124756
C 131.85006714 117.52476501 71.55870819
C 130.58593750 116.79460144 71.61384583
C 130.55084229 115.40396118 71.97051239
C 131.77218628 114.77896881 72.28536224
C 133.01803589 115.47344971 72.17535400
H 133.97999573 117.38246155 71.84844971
H 129.68563843 114.73935699 71.88493347
C 131.59834290 118.98384857 71.09999084
C 130.10061646 118.93483734 70.99031830
C 129.53994751 117.69306183 71.22977448
C 129.06182861 119.83133698 70.67624664
C 127.79154968 119.27461243 70.53777313
S 127.85542297 117.57794952 70.96011353
C 131.98783875 113.32247925 72.62891388
C 133.49957275 113.30484772 72.84696198
C 134.07261658 114.54548645 72.53120422
C 134.55554199 112.43952942 73.18807983
C 135.82699585 113.04787445 73.24153900
S 135.81098938 114.73654938 72.59406281
C 126.81028748 120.18762970 70.15397644
S 128.92976379 121.48317719 70.25947571
S 134.67053223 110.80333710 73.59929657
C 136.85937500 112.21419525 73.62623596
C 127.21160126 121.49532318 70.01162720
C 136.40528870 110.91334534 73.95917511
H 125.76175690 119.98178101 69.88587189
H 137.90937805 112.43912506 73.60023499
C 137.28176880 109.84127808 74.22186279
C 138.21197510 109.58628845 75.20401001
C 138.76451111 110.55554962 76.22874451
C 138.99694824 108.37001038 75.45075226
C 139.78506470 109.92822266 77.07651520
O 138.51400757 111.75410461 76.34633636
C 139.94317627 108.61923981 76.55771637
C 138.96617126 107.15001678 74.73001862
C 140.70864868 110.43421936 78.06356812
C 141.01107788 107.80498505 77.07365417
C 138.47827148 107.01461792 73.44274139
C 139.53724670 105.92173767 75.10939026
C 141.71275330 109.64921570 78.61647797
H 140.63018799 111.41769409 78.49249268
C 141.87649536 108.33603668 78.09662628
H 141.13900757 106.85887909 76.73817444
N 138.02470398 106.86962891 72.40488434
N 140.12072754 104.90226746 75.30258179
H 142.43338013 109.96341705 79.42124176
H 142.59150696 107.65536499 78.53739166
H 137.09484863 109.00161743 73.62750244
C 126.36157990 122.49277496 69.53234100
C 125.10398865 122.99360657 69.78623199
C 124.31464386 122.56121063 70.95306396
C 124.31781769 124.01988220 69.09651184
C 123.07978821 123.38882446 71.02016449
O 124.54360199 121.75100708 71.79650879
C 123.03105164 124.22084045 69.87240601
C 124.63935852 124.66578674 67.90888977
C 122.09955597 123.34786987 72.04037476
C 121.79002380 124.90907288 69.73880768
C 125.77528381 124.52213287 67.08251953
C 123.87298584 125.72846222 67.33692169
C 120.96376801 124.17629242 71.91638947
H 122.14416504 122.73180389 72.91174316
C 120.85035706 125.01275635 70.77436066
H 121.47953033 125.41829681 68.81703949
N 126.74358368 124.48145294 66.48289490
N 123.23661041 126.57076263 66.86499023
H 120.24054718 124.14234924 72.71880341
H 120.02597809 125.73883820 70.61602020
H 126.91553497 123.04821777 68.80973816
C 131.63885498 112.34436035 71.44406128
C 131.52090454 112.76123810 70.10657501
C 131.38987732 110.98542023 71.74842072
C 131.18487549 111.80246735 69.12966156
H 131.76026917 113.75832367 69.88339996
C 130.92376709 110.04961395 70.78797150
H 131.51638794 110.70790100 72.76901245
C 130.83798218 110.50268555 69.49497223
H 130.96652222 112.17179871 68.16813660
H 130.67546082 109.04283905 71.13217163
C 132.12553406 119.17423248 69.57411194
C 132.41113281 118.05722809 68.69088745
C 132.28507996 120.52123260 69.04581451
C 132.94053650 118.28053284 67.44177246
H 132.25848389 117.06890869 69.05823517
C 132.76528931 120.69476318 67.73088074
H 132.03697205 121.33619690 69.72467041
C 133.11572266 119.58724213 66.94653320
H 133.20324707 117.41611481 66.80003357
H 132.87167358 121.74501801 67.29605865
C 132.21124268 119.98466492 72.18313599
C 131.43740845 120.49789429 73.22217560
C 133.58541870 120.35365295 72.13835907
C 132.01774597 121.33245850 74.21260834
H 130.37402344 120.20600891 73.29196930
C 134.16703796 121.14431000 73.14290619
H 134.21519470 119.94200134 71.42250061
C 133.39306641 121.68930817 74.15164185
H 131.41493225 121.61410522 75.03417969
H 135.23323059 121.32840729 72.96157074
C 131.09771729 112.99128723 73.93771362
C 131.64459229 112.76029205 75.17720032
C 129.73779297 112.70349121 73.89329529
C 130.99331665 112.24924469 76.29888153
H 132.65599060 113.00476837 75.28361511
C 128.96699524 112.24291992 74.93008423
H 129.23509216 112.62806702 72.93112946
C 129.62785339 111.96639252 76.16082001
H 131.52555847 111.98664093 77.18637085
H 127.97424316 111.87295532 74.64102936
C 134.00827026 122.60885620 75.14646149
H 133.54190063 122.73944092 76.14398193
H 134.98864746 122.26902008 75.35183716
C 134.07937622 124.07131195 74.59280396
H 134.63153076 124.02194977 73.62625885
H 133.05006409 124.50984955 74.44528961
C 134.84577942 124.95867920 75.54011536
H 134.37901306 124.89239502 76.53919983
H 135.82051086 124.60034180 75.63037109
C 130.14881897 109.63990784 68.39279938
H 129.62271118 108.81820679 68.84880829
H 129.31326294 110.23609161 67.99438477
C 131.09025574 109.04897308 67.33702850
H 131.48269653 109.87421417 66.70319366
H 131.94500732 108.52524567 67.85348511
C 130.36523438 108.02105713 66.51088715
H 129.44497681 108.52888489 66.24102783
H 130.08837891 107.26373291 67.25124359
C 128.82150269 111.48596191 77.38546753
H 127.81470490 111.42867279 77.00757599
H 129.35977173 110.61356354 77.76849365
C 128.83325195 112.54924011 78.50964355
H 129.67742920 112.51198578 79.15403748
H 128.73921204 113.55513763 78.02013397
C 127.59972382 112.52845764 79.43589020
H 126.75206757 112.74871063 78.84983063
H 127.50991058 111.58725739 79.97017670
C 133.82789612 119.70126343 65.58460999
H 133.43170166 120.59281158 65.14989471
H 133.23538208 118.90406036 65.06004333
C 135.35598755 119.53724670 65.50695038
H 135.57969666 118.56875610 65.92449951
H 135.62547302 119.35420990 64.46874237
C 136.14016724 120.66069794 66.15115356
H 135.65644836 121.58227539 65.85499573
H 137.14051819 120.63976288 65.66483307
C 131.17959595 107.47866821 65.37131500
H 131.55102539 108.28931427 64.69702911
H 132.06974792 106.90898895 65.68641663
C 136.41775513 120.52646637 67.64709473
H 135.49226379 120.33249664 68.24015808
H 137.10276794 119.64062500 67.84152985
C 127.65043640 113.55238342 80.54620361
H 128.57243347 113.48624420 81.09660339
H 127.60707855 114.50748444 79.99966431
C 134.87304688 126.41537476 75.14316559
H 135.81680298 126.65167236 74.64235687
H 134.16986084 126.72355652 74.34912872
C 126.55611420 113.40855408 81.56048584
H 126.86184692 114.14694214 82.34814453
H 126.55102539 112.44963074 81.95567322
C 137.10877991 121.78476715 68.35607147
H 136.54591370 122.69942474 68.08474731
H 138.12181091 121.89003754 67.87351227
C 130.38183594 106.41886139 64.58238220
H 129.35319519 106.79370117 64.35821533
H 130.13809204 105.64902496 65.22264099
C 134.68724060 127.33261108 76.32595825
H 134.57493591 128.29367065 75.95674133
H 133.81202698 127.06910706 76.85747528
C 131.07510376 105.98470306 63.41465378
H 131.96456909 105.46121216 63.66457367
H 130.48873901 105.34477997 62.72997665
H 131.34115601 106.87892914 62.88242340
C 137.10844421 121.64871216 69.90527344
H 137.48103333 122.56433868 70.34048462
H 136.13513184 121.29518890 70.23202515
H 137.76402283 120.81175232 70.19564056
C 125.13375854 113.73413849 80.97998047
H 124.78490448 112.79890442 80.47187042
H 124.39575958 113.99113464 81.75972748
H 125.06743622 114.56763458 80.26603699
C 135.86547852 127.39292908 77.22598267
H 136.75888062 127.84075165 76.72227478
H 135.76426697 127.98680878 78.17077637
H 135.99781799 126.35026550 77.52710724
C 124.15274811 117.81449890 78.94570160
C 124.08035278 117.90773773 77.55177307
C 125.15398407 118.60031891 76.91230774
C 126.20463562 119.24769592 77.66009521
C 126.26272583 119.17456818 79.10823059
C 125.20594788 118.45545197 79.72830200
H 123.36528015 117.25346375 79.42477417
H 126.98408508 119.72910309 77.04475403
C 123.03156281 117.33336639 76.62017059
C 123.65118408 117.82910156 75.28994751
C 124.85962677 118.48324585 75.48097229
C 123.27210999 117.93896484 73.94783020
C 124.16527557 118.63052368 73.12050629
S 125.57450867 119.12839508 73.97215271
C 127.22940826 119.75691223 80.11965179
C 126.59764099 119.31054688 81.41947174
C 125.43620300 118.58986664 81.14521790
C 126.80158234 119.48666382 82.79781342
C 125.86540222 118.78193665 83.56689453
S 124.68376160 117.95745087 82.53904724
C 123.82897186 118.78263092 71.78702545
S 121.92990875 117.46760559 72.99002075
S 128.00001526 120.21343994 83.76190186
C 126.03641510 118.86379242 84.93773651
C 122.77366638 117.90042877 71.46350861
C 127.14504242 119.70757294 85.21220398
H 124.48583221 119.24721527 71.08252716
H 125.46567535 118.38384247 85.74953461
C 127.71227264 119.77782440 86.50675201
C 127.40963745 119.64343262 87.87414551
C 126.03734589 119.50644684 88.47026062
C 128.32604980 119.58827209 89.03961182
C 126.18920898 119.28942871 89.92417908
O 124.92248535 119.64918518 87.91943359
C 127.52694702 119.50061798 90.24788666
C 129.81021118 119.50121307 89.08133698
C 125.21360016 118.91765594 90.81402588
C 127.81861115 119.41495514 91.62937927
C 130.61468506 119.31983185 87.86399841
C 130.62258911 119.28057861 90.18464661
C 125.57245636 118.81105042 92.17277527
H 124.21485901 118.77921295 90.46274567
C 126.86580658 119.06528473 92.58924866
H 128.86453247 119.48297119 91.86389923
N 131.22479248 119.19364166 86.90793610
N 131.36479187 119.08209991 91.07336426
H 124.83399200 118.55377960 92.90843201
H 127.23757935 118.93872070 93.60718536
H 128.74330139 119.93831635 86.38647461
C 122.06850433 118.05305481 70.22027588
C 122.20989227 118.05534363 68.85365295
C 123.53924561 118.09954834 68.28942108
C 121.19838715 118.08493805 67.76818085
C 123.40267944 118.16831207 66.80334473
O 124.58867645 118.11563873 68.89807892
C 122.01258087 118.05461884 66.55493164
C 119.77330780 117.99862671 67.79702759
C 124.37598419 118.07964325 65.84373474
C 121.59777069 117.95227814 65.21316528
C 119.05056000 117.81900787 69.01908875
C 118.83848572 118.17993927 66.75040436
C 123.92613220 117.98923492 64.54312897
H 125.47254944 118.19084167 65.96002960
C 122.59447479 117.84246063 64.23251343
H 120.58885956 117.82914734 64.95368195
N 118.47977448 117.60671997 69.97058868
N 118.05087280 118.23575592 65.90966797
H 124.69870758 118.04082489 63.76749420
H 122.11543274 117.81285095 63.22390366
H 121.01325989 118.22207642 70.39231110
C 127.29005432 121.28523254 79.81879425
C 127.95780945 121.83389282 78.69809723
C 126.68115997 122.19536591 80.75740814
C 127.84446716 123.21112061 78.46929932
H 128.43728638 121.19726562 77.95087433
C 126.59775543 123.57742310 80.46925354
H 126.25869751 121.87424469 81.66088104
C 127.20448303 124.06017303 79.31805420
H 128.25515747 123.59451294 77.53089142
H 126.10519409 124.30074310 81.10501099
C 121.58023834 117.92782593 77.07201385
C 120.90846252 118.83021545 76.25100708
C 120.87955475 117.46236420 78.22363281
C 119.67124176 119.37385559 76.62302399
H 121.34239960 119.20000458 75.35201263
C 119.61571503 117.91378021 78.56052399
H 121.44606018 116.76572418 78.82332611
C 119.05251312 118.94090271 77.78612518
H 119.20914459 120.05953217 75.94058990
H 119.13527679 117.44356537 79.48891449
C 122.97240448 115.73944855 76.62142181
C 121.99599457 114.97183990 75.95730591
C 124.10252380 115.03057861 77.18223572
C 122.05416107 113.57913208 76.04096985
H 121.14878082 115.42102051 75.43650818
C 124.11502838 113.60457611 77.31650543
H 124.93589783 115.54891968 77.66778564
C 123.00965118 112.88322449 76.85416412
H 121.23439789 113.02443695 75.55380249
H 124.96138763 113.05815125 77.81323242
C 128.65144348 118.96776581 80.16934967
C 128.78848267 117.62787628 79.71050262
C 129.78012085 119.57955170 80.73879242
C 130.00593567 116.89651489 79.84110260
H 127.94791412 117.02043152 79.43361664
C 130.98365784 118.86981964 80.85760498
H 129.82206726 120.54881287 81.25986481
C 131.13186646 117.52214050 80.38977051
H 130.06883240 115.89485931 79.48061371
H 131.81480408 119.38624573 81.25238800
C 122.93736267 111.40435028 77.11952972
H 122.45676422 111.24872589 78.10176086
H 122.14147949 110.98921204 76.52938843
C 124.18752289 110.49971771 76.62841797
H 124.54375458 110.79355621 75.63813782
H 124.94593811 110.67569733 77.32846069
C 123.86918640 109.02498627 76.55070496
H 123.50572205 108.64933777 77.47126770
H 123.07614899 108.93531036 75.79826355
C 127.11601257 125.48016357 79.00431824
H 127.33216095 126.01844025 79.93975067
H 127.84597015 125.54634094 78.23501587
C 125.74475861 125.81999207 78.34864807
H 125.54362488 125.25020599 77.43864441
H 124.95444489 125.39105225 79.00579834
C 125.61067963 127.38638306 78.26013947
H 126.43924713 127.61466217 77.58953094
H 125.92037201 127.93701172 79.22518158
C 132.41287231 116.69747925 80.60213470
H 132.32630920 115.93756104 79.80353546
H 133.31455994 117.30216217 80.44136810
C 132.53215027 116.02135468 81.99508667
H 133.62893677 115.69723511 82.13757324
H 132.44090271 116.82495117 82.76390839
C 131.56013489 114.89030457 82.21491241
H 130.60168457 115.26418304 82.21212006
H 131.60847473 114.14925385 81.42012787
C 117.76023102 119.55397034 78.13798523
H 117.83843994 120.63613892 78.11599731
H 117.61673737 119.46180725 79.29639435
C 116.50624847 119.04865265 77.35389709
H 115.69190216 119.71365356 77.61376190
H 116.69813538 119.07469177 76.34962463
C 116.20006561 117.52244568 77.61059570
H 117.02617645 117.06124115 77.21565247
H 115.39839935 117.21144104 77.01155853
C 124.28043365 127.83750916 77.72733307
H 124.21378326 127.36813354 76.81457520
H 123.60901642 127.36712646 78.45118713
C 115.97065735 117.05053711 79.03568268
H 116.96697235 117.15835571 79.40126038
H 115.29645538 117.67338562 79.67112732
C 131.68177795 114.19783020 83.54440308
H 132.72555542 113.79381561 83.55230713
H 131.74687195 114.95361328 84.33822632
C 125.04289246 108.11864471 76.16365051
H 125.88171387 108.06208801 76.81279755
H 124.63568878 107.10388947 76.25032043
C 130.74583435 113.02926636 83.85130310
H 131.09515381 112.16138458 83.35055542
H 129.74084473 113.36393738 83.48932648
C 115.56631470 115.56876373 79.07698822
H 114.56873322 115.54377747 78.66040039
H 115.52991486 115.35626221 80.12652588
C 124.23846436 129.44705200 77.63192749
H 123.20349884 129.77024841 77.37551117
H 124.92726135 129.82847595 76.88029480
C 125.54977417 108.16272736 74.67189026
H 125.98100281 109.10649872 74.54317474
H 126.41456604 107.52263641 74.71526337
C 124.29111481 130.20138550 78.98543549
H 123.41678619 129.98089600 79.57717133
H 125.18569183 129.95239258 79.56269073
H 124.42111969 131.30274963 78.75763702
C 116.47169495 114.61195374 78.29014587
H 116.30263519 114.75200653 77.26190948
H 117.56565094 114.78054810 78.46834564
H 116.22064972 113.55120850 78.39347076
C 130.49214172 112.73915863 85.39887238
H 130.14675903 113.59425354 85.87361908
H 129.75840759 111.97319031 85.47264099
H 131.27310181 112.38385010 86.03311157
C 124.55149841 107.76033020 73.57855988
H 125.09911346 107.76132965 72.68233490
H 124.25563049 106.75185394 73.55498505
H 123.71685791 108.43716431 73.54141998
",0.000
